"LOCATION","Country","SUBJECT","Subject","MEASURE","Measure","FREQUENCY","Frequency","TIME","Period","Unit Code","Unit","PowerCode Code","PowerCode","Reference Period Code","Reference Period","Value","Flag Codes","Flags"
"USA","United States","B11","External balance of goods and services","CARSA","National currency, current prices, annual levels, seasonally adjusted","A","Annual","1947","1947","USD","US Dollar","6","Millions",,,10807,,
"USA","United States","B11","External balance of goods and services","CARSA","National currency, current prices, annual levels, seasonally adjusted","A","Annual","1948","1948","USD","US Dollar","6","Millions",,,5487,,
"USA","United States","B11","External balance of goods and services","CARSA","National currency, current prices, annual levels, seasonally adjusted","A","Annual","1949","1949","USD","US Dollar","6","Millions",,,5234.75,,
"USA","United States","B11","External balance of goods and services","CARSA","National currency, current prices, annual levels, seasonally adjusted","A","Annual","1950","1950","USD","US Dollar","6","Millions",,,738,,
"USA","United States","B11","External balance of goods and services","CARSA","National currency, current prices, annual levels, seasonally adjusted","A","Annual","1951","1951","USD","US Dollar","6","Millions",,,2513,,
"USA","United States","B11","External balance of goods and services","CARSA","National currency, current prices, annual levels, seasonally adjusted","A","Annual","1952","1952","USD","US Dollar","6","Millions",,,1163.75,,
"USA","United States","B11","External balance of goods and services","CARSA","National currency, current prices, annual levels, seasonally adjusted","A","Annual","1953","1953","USD","US Dollar","6","Millions",,,-701.25,,
"USA","United States","B11","External balance of goods and services","CARSA","National currency, current prices, annual levels, seasonally adjusted","A","Annual","1954","1954","USD","US Dollar","6","Millions",,,404.25,,
"USA","United States","B11","External balance of goods and services","CARSA","National currency, current prices, annual levels, seasonally adjusted","A","Annual","1955","1955","USD","US Dollar","6","Millions",,,478.25,,
"USA","United States","B11","External balance of goods and services","CARSA","National currency, current prices, annual levels, seasonally adjusted","A","Annual","1956","1956","USD","US Dollar","6","Millions",,,2361.25,,
"USA","United States","B11","External balance of goods and services","CARSA","National currency, current prices, annual levels, seasonally adjusted","A","Annual","1957","1957","USD","US Dollar","6","Millions",,,4075.75,,
"USA","United States","B11","External balance of goods and services","CARSA","National currency, current prices, annual levels, seasonally adjusted","A","Annual","1958","1958","USD","US Dollar","6","Millions",,,536.5,,
"USA","United States","B11","External balance of goods and services","CARSA","National currency, current prices, annual levels, seasonally adjusted","A","Annual","1959","1959","USD","US Dollar","6","Millions",,,397.25,,
"USA","United States","B11","External balance of goods and services","CARSA","National currency, current prices, annual levels, seasonally adjusted","A","Annual","1960","1960","USD","US Dollar","6","Millions",,,4203.75,,
"USA","United States","B11","External balance of goods and services","CARSA","National currency, current prices, annual levels, seasonally adjusted","A","Annual","1961","1961","USD","US Dollar","6","Millions",,,4913.5,,
"USA","United States","B11","External balance of goods and services","CARSA","National currency, current prices, annual levels, seasonally adjusted","A","Annual","1962","1962","USD","US Dollar","6","Millions",,,4100.5,,
"USA","United States","B11","External balance of goods and services","CARSA","National currency, current prices, annual levels, seasonally adjusted","A","Annual","1963","1963","USD","US Dollar","6","Millions",,,4939,,
"USA","United States","B11","External balance of goods and services","CARSA","National currency, current prices, annual levels, seasonally adjusted","A","Annual","1964","1964","USD","US Dollar","6","Millions",,,6914.75,,
"USA","United States","B11","External balance of goods and services","CARSA","National currency, current prices, annual levels, seasonally adjusted","A","Annual","1965","1965","USD","US Dollar","6","Millions",,,5617.75,,
"USA","United States","B11","External balance of goods and services","CARSA","National currency, current prices, annual levels, seasonally adjusted","A","Annual","1966","1966","USD","US Dollar","6","Millions",,,3862.75,,
"USA","United States","B11","External balance of goods and services","CARSA","National currency, current prices, annual levels, seasonally adjusted","A","Annual","1967","1967","USD","US Dollar","6","Millions",,,3554.5,,
"USA","United States","B11","External balance of goods and services","CARSA","National currency, current prices, annual levels, seasonally adjusted","A","Annual","1968","1968","USD","US Dollar","6","Millions",,,1349.5,,
"USA","United States","B11","External balance of goods and services","CARSA","National currency, current prices, annual levels, seasonally adjusted","A","Annual","1969","1969","USD","US Dollar","6","Millions",,,1430.75,,
"USA","United States","B11","External balance of goods and services","CARSA","National currency, current prices, annual levels, seasonally adjusted","A","Annual","1970","1970","USD","US Dollar","6","Millions",,,3948.5,,
"USA","United States","B11","External balance of goods and services","CARSA","National currency, current prices, annual levels, seasonally adjusted","A","Annual","1971","1971","USD","US Dollar","6","Millions",,,621.25,,
"USA","United States","B11","External balance of goods and services","CARSA","National currency, current prices, annual levels, seasonally adjusted","A","Annual","1972","1972","USD","US Dollar","6","Millions",,,-3372.75,,
"USA","United States","B11","External balance of goods and services","CARSA","National currency, current prices, annual levels, seasonally adjusted","A","Annual","1973","1973","USD","US Dollar","6","Millions",,,4110.75,,
"USA","United States","B11","External balance of goods and services","CARSA","National currency, current prices, annual levels, seasonally adjusted","A","Annual","1974","1974","USD","US Dollar","6","Millions",,,-814.75,,
"USA","United States","B11","External balance of goods and services","CARSA","National currency, current prices, annual levels, seasonally adjusted","A","Annual","1975","1975","USD","US Dollar","6","Millions",,,15976.75,,
"USA","United States","B11","External balance of goods and services","CARSA","National currency, current prices, annual levels, seasonally adjusted","A","Annual","1976","1976","USD","US Dollar","6","Millions",,,-1630.5,,
"USA","United States","B11","External balance of goods and services","CARSA","National currency, current prices, annual levels, seasonally adjusted","A","Annual","1977","1977","USD","US Dollar","6","Millions",,,-23094,,
"USA","United States","B11","External balance of goods and services","CARSA","National currency, current prices, annual levels, seasonally adjusted","A","Annual","1978","1978","USD","US Dollar","6","Millions",,,-25366.25,,
"USA","United States","B11","External balance of goods and services","CARSA","National currency, current prices, annual levels, seasonally adjusted","A","Annual","1979","1979","USD","US Dollar","6","Millions",,,-22544.75,,
"USA","United States","B11","External balance of goods and services","CARSA","National currency, current prices, annual levels, seasonally adjusted","A","Annual","1980","1980","USD","US Dollar","6","Millions",,,-13056.25,,
"USA","United States","B11","External balance of goods and services","CARSA","National currency, current prices, annual levels, seasonally adjusted","A","Annual","1981","1981","USD","US Dollar","6","Millions",,,-12519.5,,
"USA","United States","B11","External balance of goods and services","CARSA","National currency, current prices, annual levels, seasonally adjusted","A","Annual","1982","1982","USD","US Dollar","6","Millions",,,-19974,,
"USA","United States","B11","External balance of goods and services","CARSA","National currency, current prices, annual levels, seasonally adjusted","A","Annual","1983","1983","USD","US Dollar","6","Millions",,,-51641.75,,
"USA","United States","B11","External balance of goods and services","CARSA","National currency, current prices, annual levels, seasonally adjusted","A","Annual","1984","1984","USD","US Dollar","6","Millions",,,-102727,,
"USA","United States","B11","External balance of goods and services","CARSA","National currency, current prices, annual levels, seasonally adjusted","A","Annual","1985","1985","USD","US Dollar","6","Millions",,,-114018,,
"USA","United States","B11","External balance of goods and services","CARSA","National currency, current prices, annual levels, seasonally adjusted","A","Annual","1986","1986","USD","US Dollar","6","Millions",,,-131869,,
"USA","United States","B11","External balance of goods and services","CARSA","National currency, current prices, annual levels, seasonally adjusted","A","Annual","1987","1987","USD","US Dollar","6","Millions",,,-144770,,
"USA","United States","B11","External balance of goods and services","CARSA","National currency, current prices, annual levels, seasonally adjusted","A","Annual","1988","1988","USD","US Dollar","6","Millions",,,-109392.75,,
"USA","United States","B11","External balance of goods and services","CARSA","National currency, current prices, annual levels, seasonally adjusted","A","Annual","1989","1989","USD","US Dollar","6","Millions",,,-86741.25,,
"USA","United States","B11","External balance of goods and services","CARSA","National currency, current prices, annual levels, seasonally adjusted","A","Annual","1990","1990","USD","US Dollar","6","Millions",,,-77854.5,,
"USA","United States","B11","External balance of goods and services","CARSA","National currency, current prices, annual levels, seasonally adjusted","A","Annual","1991","1991","USD","US Dollar","6","Millions",,,-28613.75,,
"USA","United States","B11","External balance of goods and services","CARSA","National currency, current prices, annual levels, seasonally adjusted","A","Annual","1992","1992","USD","US Dollar","6","Millions",,,-34738,,
"USA","United States","B11","External balance of goods and services","CARSA","National currency, current prices, annual levels, seasonally adjusted","A","Annual","1993","1993","USD","US Dollar","6","Millions",,,-65173.5,,
"USA","United States","B11","External balance of goods and services","CARSA","National currency, current prices, annual levels, seasonally adjusted","A","Annual","1994","1994","USD","US Dollar","6","Millions",,,-92487,,
"USA","United States","B11","External balance of goods and services","CARSA","National currency, current prices, annual levels, seasonally adjusted","A","Annual","1995","1995","USD","US Dollar","6","Millions",,,-89761.25,,
"USA","United States","B11","External balance of goods and services","CARSA","National currency, current prices, annual levels, seasonally adjusted","A","Annual","1996","1996","USD","US Dollar","6","Millions",,,-96376.5,,
"USA","United States","B11","External balance of goods and services","CARSA","National currency, current prices, annual levels, seasonally adjusted","A","Annual","1997","1997","USD","US Dollar","6","Millions",,,-101971.25,,
"USA","United States","B11","External balance of goods and services","CARSA","National currency, current prices, annual levels, seasonally adjusted","A","Annual","1998","1998","USD","US Dollar","6","Millions",,,-162710.75,,
"USA","United States","B11","External balance of goods and services","CARSA","National currency, current prices, annual levels, seasonally adjusted","A","Annual","1999","1999","USD","US Dollar","6","Millions",,,-255834.25,,
"USA","United States","B11","External balance of goods and services","CARSA","National currency, current prices, annual levels, seasonally adjusted","A","Annual","2000","2000","USD","US Dollar","6","Millions",,,-375049.75,,
"USA","United States","B11","External balance of goods and services","CARSA","National currency, current prices, annual levels, seasonally adjusted","A","Annual","2001","2001","USD","US Dollar","6","Millions",,,-367928.75,,
"USA","United States","B11","External balance of goods and services","CARSA","National currency, current prices, annual levels, seasonally adjusted","A","Annual","2002","2002","USD","US Dollar","6","Millions",,,-425402,,
"USA","United States","B11","External balance of goods and services","CARSA","National currency, current prices, annual levels, seasonally adjusted","A","Annual","2003","2003","USD","US Dollar","6","Millions",,,-503126.5,,
"USA","United States","B11","External balance of goods and services","CARSA","National currency, current prices, annual levels, seasonally adjusted","A","Annual","2004","2004","USD","US Dollar","6","Millions",,,-619075,,
"USA","United States","B11","External balance of goods and services","CARSA","National currency, current prices, annual levels, seasonally adjusted","A","Annual","2005","2005","USD","US Dollar","6","Millions",,,-721192.75,,
"USA","United States","B11","External balance of goods and services","CARSA","National currency, current prices, annual levels, seasonally adjusted","A","Annual","2006","2006","USD","US Dollar","6","Millions",,,-770924.5,,
"USA","United States","B11","External balance of goods and services","CARSA","National currency, current prices, annual levels, seasonally adjusted","A","Annual","2007","2007","USD","US Dollar","6","Millions",,,-718426.25,,
"USA","United States","B11","External balance of goods and services","CARSA","National currency, current prices, annual levels, seasonally adjusted","A","Annual","2008","2008","USD","US Dollar","6","Millions",,,-723088.25,,
"USA","United States","B11","External balance of goods and services","CARSA","National currency, current prices, annual levels, seasonally adjusted","A","Annual","2009","2009","USD","US Dollar","6","Millions",,,-396451,,
"USA","United States","B11","External balance of goods and services","CARSA","National currency, current prices, annual levels, seasonally adjusted","A","Annual","2010","2010","USD","US Dollar","6","Millions",,,-513902.75,,
"USA","United States","B11","External balance of goods and services","CARSA","National currency, current prices, annual levels, seasonally adjusted","A","Annual","2011","2011","USD","US Dollar","6","Millions",,,-579461.5,,
"USA","United States","B11","External balance of goods and services","CARSA","National currency, current prices, annual levels, seasonally adjusted","A","Annual","2012","2012","USD","US Dollar","6","Millions",,,-568571,,
"USA","United States","B11","External balance of goods and services","CARSA","National currency, current prices, annual levels, seasonally adjusted","A","Annual","2013","2013","USD","US Dollar","6","Millions",,,-490781.75,,
"USA","United States","B11","External balance of goods and services","CARSA","National currency, current prices, annual levels, seasonally adjusted","A","Annual","2014","2014","USD","US Dollar","6","Millions",,,-507658.25,,
"USA","United States","B11","External balance of goods and services","CARSA","National currency, current prices, annual levels, seasonally adjusted","A","Annual","2015","2015","USD","US Dollar","6","Millions",,,-526571,,
"USA","United States","B11","External balance of goods and services","CARSA","National currency, current prices, annual levels, seasonally adjusted","A","Annual","2016","2016","USD","US Dollar","6","Millions",,,-512511.75,,
"USA","United States","B11","External balance of goods and services","CARSA","National currency, current prices, annual levels, seasonally adjusted","A","Annual","2017","2017","USD","US Dollar","6","Millions",,,-555533.5,,
"USA","United States","B11","External balance of goods and services","CARSA","National currency, current prices, annual levels, seasonally adjusted","A","Annual","2018","2018","USD","US Dollar","6","Millions",,,-609459.5,,
"USA","United States","B11","External balance of goods and services","CARSA","National currency, current prices, annual levels, seasonally adjusted","A","Annual","2019","2019","USD","US Dollar","6","Millions",,,-610470.5,,
"USA","United States","B11","External balance of goods and services","CARSA","National currency, current prices, annual levels, seasonally adjusted","Q","Quarterly","1947-Q1","Q1-1947","USD","US Dollar","6","Millions",,,10875,,
"USA","United States","B11","External balance of goods and services","CARSA","National currency, current prices, annual levels, seasonally adjusted","Q","Quarterly","1947-Q2","Q2-1947","USD","US Dollar","6","Millions",,,11294,,
"USA","United States","B11","External balance of goods and services","CARSA","National currency, current prices, annual levels, seasonally adjusted","Q","Quarterly","1947-Q3","Q3-1947","USD","US Dollar","6","Millions",,,11770,,
"USA","United States","B11","External balance of goods and services","CARSA","National currency, current prices, annual levels, seasonally adjusted","Q","Quarterly","1947-Q4","Q4-1947","USD","US Dollar","6","Millions",,,9289,,
"USA","United States","B11","External balance of goods and services","CARSA","National currency, current prices, annual levels, seasonally adjusted","Q","Quarterly","1948-Q1","Q1-1948","USD","US Dollar","6","Millions",,,7293,,
"USA","United States","B11","External balance of goods and services","CARSA","National currency, current prices, annual levels, seasonally adjusted","Q","Quarterly","1948-Q2","Q2-1948","USD","US Dollar","6","Millions",,,5205,,
"USA","United States","B11","External balance of goods and services","CARSA","National currency, current prices, annual levels, seasonally adjusted","Q","Quarterly","1948-Q3","Q3-1948","USD","US Dollar","6","Millions",,,4949,,
"USA","United States","B11","External balance of goods and services","CARSA","National currency, current prices, annual levels, seasonally adjusted","Q","Quarterly","1948-Q4","Q4-1948","USD","US Dollar","6","Millions",,,4501,,
"USA","United States","B11","External balance of goods and services","CARSA","National currency, current prices, annual levels, seasonally adjusted","Q","Quarterly","1949-Q1","Q1-1949","USD","US Dollar","6","Millions",,,6478,,
"USA","United States","B11","External balance of goods and services","CARSA","National currency, current prices, annual levels, seasonally adjusted","Q","Quarterly","1949-Q2","Q2-1949","USD","US Dollar","6","Millions",,,6283,,
"USA","United States","B11","External balance of goods and services","CARSA","National currency, current prices, annual levels, seasonally adjusted","Q","Quarterly","1949-Q3","Q3-1949","USD","US Dollar","6","Millions",,,5179,,
"USA","United States","B11","External balance of goods and services","CARSA","National currency, current prices, annual levels, seasonally adjusted","Q","Quarterly","1949-Q4","Q4-1949","USD","US Dollar","6","Millions",,,2999,,
"USA","United States","B11","External balance of goods and services","CARSA","National currency, current prices, annual levels, seasonally adjusted","Q","Quarterly","1950-Q1","Q1-1950","USD","US Dollar","6","Millions",,,2203,,
"USA","United States","B11","External balance of goods and services","CARSA","National currency, current prices, annual levels, seasonally adjusted","Q","Quarterly","1950-Q2","Q2-1950","USD","US Dollar","6","Millions",,,1643,,
"USA","United States","B11","External balance of goods and services","CARSA","National currency, current prices, annual levels, seasonally adjusted","Q","Quarterly","1950-Q3","Q3-1950","USD","US Dollar","6","Millions",,,-740,,
"USA","United States","B11","External balance of goods and services","CARSA","National currency, current prices, annual levels, seasonally adjusted","Q","Quarterly","1950-Q4","Q4-1950","USD","US Dollar","6","Millions",,,-154,,
"USA","United States","B11","External balance of goods and services","CARSA","National currency, current prices, annual levels, seasonally adjusted","Q","Quarterly","1951-Q1","Q1-1951","USD","US Dollar","6","Millions",,,177,,
"USA","United States","B11","External balance of goods and services","CARSA","National currency, current prices, annual levels, seasonally adjusted","Q","Quarterly","1951-Q2","Q2-1951","USD","US Dollar","6","Millions",,,1943,,
"USA","United States","B11","External balance of goods and services","CARSA","National currency, current prices, annual levels, seasonally adjusted","Q","Quarterly","1951-Q3","Q3-1951","USD","US Dollar","6","Millions",,,3742,,
"USA","United States","B11","External balance of goods and services","CARSA","National currency, current prices, annual levels, seasonally adjusted","Q","Quarterly","1951-Q4","Q4-1951","USD","US Dollar","6","Millions",,,4190,,
"USA","United States","B11","External balance of goods and services","CARSA","National currency, current prices, annual levels, seasonally adjusted","Q","Quarterly","1952-Q1","Q1-1952","USD","US Dollar","6","Millions",,,3721,,
"USA","United States","B11","External balance of goods and services","CARSA","National currency, current prices, annual levels, seasonally adjusted","Q","Quarterly","1952-Q2","Q2-1952","USD","US Dollar","6","Millions",,,1951,,
"USA","United States","B11","External balance of goods and services","CARSA","National currency, current prices, annual levels, seasonally adjusted","Q","Quarterly","1952-Q3","Q3-1952","USD","US Dollar","6","Millions",,,-4,,
"USA","United States","B11","External balance of goods and services","CARSA","National currency, current prices, annual levels, seasonally adjusted","Q","Quarterly","1952-Q4","Q4-1952","USD","US Dollar","6","Millions",,,-1013,,
"USA","United States","B11","External balance of goods and services","CARSA","National currency, current prices, annual levels, seasonally adjusted","Q","Quarterly","1953-Q1","Q1-1953","USD","US Dollar","6","Millions",,,-667,,
"USA","United States","B11","External balance of goods and services","CARSA","National currency, current prices, annual levels, seasonally adjusted","Q","Quarterly","1953-Q2","Q2-1953","USD","US Dollar","6","Millions",,,-1251,,
"USA","United States","B11","External balance of goods and services","CARSA","National currency, current prices, annual levels, seasonally adjusted","Q","Quarterly","1953-Q3","Q3-1953","USD","US Dollar","6","Millions",,,-552,,
"USA","United States","B11","External balance of goods and services","CARSA","National currency, current prices, annual levels, seasonally adjusted","Q","Quarterly","1953-Q4","Q4-1953","USD","US Dollar","6","Millions",,,-335,,
"USA","United States","B11","External balance of goods and services","CARSA","National currency, current prices, annual levels, seasonally adjusted","Q","Quarterly","1954-Q1","Q1-1954","USD","US Dollar","6","Millions",,,-356,,
"USA","United States","B11","External balance of goods and services","CARSA","National currency, current prices, annual levels, seasonally adjusted","Q","Quarterly","1954-Q2","Q2-1954","USD","US Dollar","6","Millions",,,254,,
"USA","United States","B11","External balance of goods and services","CARSA","National currency, current prices, annual levels, seasonally adjusted","Q","Quarterly","1954-Q3","Q3-1954","USD","US Dollar","6","Millions",,,574,,
"USA","United States","B11","External balance of goods and services","CARSA","National currency, current prices, annual levels, seasonally adjusted","Q","Quarterly","1954-Q4","Q4-1954","USD","US Dollar","6","Millions",,,1145,,
"USA","United States","B11","External balance of goods and services","CARSA","National currency, current prices, annual levels, seasonally adjusted","Q","Quarterly","1955-Q1","Q1-1955","USD","US Dollar","6","Millions",,,1104,,
"USA","United States","B11","External balance of goods and services","CARSA","National currency, current prices, annual levels, seasonally adjusted","Q","Quarterly","1955-Q2","Q2-1955","USD","US Dollar","6","Millions",,,-155,,
"USA","United States","B11","External balance of goods and services","CARSA","National currency, current prices, annual levels, seasonally adjusted","Q","Quarterly","1955-Q3","Q3-1955","USD","US Dollar","6","Millions",,,724,,
"USA","United States","B11","External balance of goods and services","CARSA","National currency, current prices, annual levels, seasonally adjusted","Q","Quarterly","1955-Q4","Q4-1955","USD","US Dollar","6","Millions",,,240,,
"USA","United States","B11","External balance of goods and services","CARSA","National currency, current prices, annual levels, seasonally adjusted","Q","Quarterly","1956-Q1","Q1-1956","USD","US Dollar","6","Millions",,,440,,
"USA","United States","B11","External balance of goods and services","CARSA","National currency, current prices, annual levels, seasonally adjusted","Q","Quarterly","1956-Q2","Q2-1956","USD","US Dollar","6","Millions",,,1909,,
"USA","United States","B11","External balance of goods and services","CARSA","National currency, current prices, annual levels, seasonally adjusted","Q","Quarterly","1956-Q3","Q3-1956","USD","US Dollar","6","Millions",,,2569,,
"USA","United States","B11","External balance of goods and services","CARSA","National currency, current prices, annual levels, seasonally adjusted","Q","Quarterly","1956-Q4","Q4-1956","USD","US Dollar","6","Millions",,,4527,,
"USA","United States","B11","External balance of goods and services","CARSA","National currency, current prices, annual levels, seasonally adjusted","Q","Quarterly","1957-Q1","Q1-1957","USD","US Dollar","6","Millions",,,4819,,
"USA","United States","B11","External balance of goods and services","CARSA","National currency, current prices, annual levels, seasonally adjusted","Q","Quarterly","1957-Q2","Q2-1957","USD","US Dollar","6","Millions",,,4099,,
"USA","United States","B11","External balance of goods and services","CARSA","National currency, current prices, annual levels, seasonally adjusted","Q","Quarterly","1957-Q3","Q3-1957","USD","US Dollar","6","Millions",,,3997,,
"USA","United States","B11","External balance of goods and services","CARSA","National currency, current prices, annual levels, seasonally adjusted","Q","Quarterly","1957-Q4","Q4-1957","USD","US Dollar","6","Millions",,,3388,,
"USA","United States","B11","External balance of goods and services","CARSA","National currency, current prices, annual levels, seasonally adjusted","Q","Quarterly","1958-Q1","Q1-1958","USD","US Dollar","6","Millions",,,1079,,
"USA","United States","B11","External balance of goods and services","CARSA","National currency, current prices, annual levels, seasonally adjusted","Q","Quarterly","1958-Q2","Q2-1958","USD","US Dollar","6","Millions",,,471,,
"USA","United States","B11","External balance of goods and services","CARSA","National currency, current prices, annual levels, seasonally adjusted","Q","Quarterly","1958-Q3","Q3-1958","USD","US Dollar","6","Millions",,,856,,
"USA","United States","B11","External balance of goods and services","CARSA","National currency, current prices, annual levels, seasonally adjusted","Q","Quarterly","1958-Q4","Q4-1958","USD","US Dollar","6","Millions",,,-260,,
"USA","United States","B11","External balance of goods and services","CARSA","National currency, current prices, annual levels, seasonally adjusted","Q","Quarterly","1959-Q1","Q1-1959","USD","US Dollar","6","Millions",,,519,,
"USA","United States","B11","External balance of goods and services","CARSA","National currency, current prices, annual levels, seasonally adjusted","Q","Quarterly","1959-Q2","Q2-1959","USD","US Dollar","6","Millions",,,-768,,
"USA","United States","B11","External balance of goods and services","CARSA","National currency, current prices, annual levels, seasonally adjusted","Q","Quarterly","1959-Q3","Q3-1959","USD","US Dollar","6","Millions",,,1211,,
"USA","United States","B11","External balance of goods and services","CARSA","National currency, current prices, annual levels, seasonally adjusted","Q","Quarterly","1959-Q4","Q4-1959","USD","US Dollar","6","Millions",,,627,,
"USA","United States","B11","External balance of goods and services","CARSA","National currency, current prices, annual levels, seasonally adjusted","Q","Quarterly","1960-Q1","Q1-1960","USD","US Dollar","6","Millions",,,2858,,
"USA","United States","B11","External balance of goods and services","CARSA","National currency, current prices, annual levels, seasonally adjusted","Q","Quarterly","1960-Q2","Q2-1960","USD","US Dollar","6","Millions",,,3395,,
"USA","United States","B11","External balance of goods and services","CARSA","National currency, current prices, annual levels, seasonally adjusted","Q","Quarterly","1960-Q3","Q3-1960","USD","US Dollar","6","Millions",,,4682,,
"USA","United States","B11","External balance of goods and services","CARSA","National currency, current prices, annual levels, seasonally adjusted","Q","Quarterly","1960-Q4","Q4-1960","USD","US Dollar","6","Millions",,,5880,,
"USA","United States","B11","External balance of goods and services","CARSA","National currency, current prices, annual levels, seasonally adjusted","Q","Quarterly","1961-Q1","Q1-1961","USD","US Dollar","6","Millions",,,5902,,
"USA","United States","B11","External balance of goods and services","CARSA","National currency, current prices, annual levels, seasonally adjusted","Q","Quarterly","1961-Q2","Q2-1961","USD","US Dollar","6","Millions",,,4727,,
"USA","United States","B11","External balance of goods and services","CARSA","National currency, current prices, annual levels, seasonally adjusted","Q","Quarterly","1961-Q3","Q3-1961","USD","US Dollar","6","Millions",,,4453,,
"USA","United States","B11","External balance of goods and services","CARSA","National currency, current prices, annual levels, seasonally adjusted","Q","Quarterly","1961-Q4","Q4-1961","USD","US Dollar","6","Millions",,,4572,,
"USA","United States","B11","External balance of goods and services","CARSA","National currency, current prices, annual levels, seasonally adjusted","Q","Quarterly","1962-Q1","Q1-1962","USD","US Dollar","6","Millions",,,4010,,
"USA","United States","B11","External balance of goods and services","CARSA","National currency, current prices, annual levels, seasonally adjusted","Q","Quarterly","1962-Q2","Q2-1962","USD","US Dollar","6","Millions",,,4777,,
"USA","United States","B11","External balance of goods and services","CARSA","National currency, current prices, annual levels, seasonally adjusted","Q","Quarterly","1962-Q3","Q3-1962","USD","US Dollar","6","Millions",,,4482,,
"USA","United States","B11","External balance of goods and services","CARSA","National currency, current prices, annual levels, seasonally adjusted","Q","Quarterly","1962-Q4","Q4-1962","USD","US Dollar","6","Millions",,,3133,,
"USA","United States","B11","External balance of goods and services","CARSA","National currency, current prices, annual levels, seasonally adjusted","Q","Quarterly","1963-Q1","Q1-1963","USD","US Dollar","6","Millions",,,3976,,
"USA","United States","B11","External balance of goods and services","CARSA","National currency, current prices, annual levels, seasonally adjusted","Q","Quarterly","1963-Q2","Q2-1963","USD","US Dollar","6","Millions",,,5558,,
"USA","United States","B11","External balance of goods and services","CARSA","National currency, current prices, annual levels, seasonally adjusted","Q","Quarterly","1963-Q3","Q3-1963","USD","US Dollar","6","Millions",,,4511,,
"USA","United States","B11","External balance of goods and services","CARSA","National currency, current prices, annual levels, seasonally adjusted","Q","Quarterly","1963-Q4","Q4-1963","USD","US Dollar","6","Millions",,,5711,,
"USA","United States","B11","External balance of goods and services","CARSA","National currency, current prices, annual levels, seasonally adjusted","Q","Quarterly","1964-Q1","Q1-1964","USD","US Dollar","6","Millions",,,7213,,
"USA","United States","B11","External balance of goods and services","CARSA","National currency, current prices, annual levels, seasonally adjusted","Q","Quarterly","1964-Q2","Q2-1964","USD","US Dollar","6","Millions",,,6305,,
"USA","United States","B11","External balance of goods and services","CARSA","National currency, current prices, annual levels, seasonally adjusted","Q","Quarterly","1964-Q3","Q3-1964","USD","US Dollar","6","Millions",,,6946,,
"USA","United States","B11","External balance of goods and services","CARSA","National currency, current prices, annual levels, seasonally adjusted","Q","Quarterly","1964-Q4","Q4-1964","USD","US Dollar","6","Millions",,,7195,,
"USA","United States","B11","External balance of goods and services","CARSA","National currency, current prices, annual levels, seasonally adjusted","Q","Quarterly","1965-Q1","Q1-1965","USD","US Dollar","6","Millions",,,4512,,
"USA","United States","B11","External balance of goods and services","CARSA","National currency, current prices, annual levels, seasonally adjusted","Q","Quarterly","1965-Q2","Q2-1965","USD","US Dollar","6","Millions",,,6688,,
"USA","United States","B11","External balance of goods and services","CARSA","National currency, current prices, annual levels, seasonally adjusted","Q","Quarterly","1965-Q3","Q3-1965","USD","US Dollar","6","Millions",,,5521,,
"USA","United States","B11","External balance of goods and services","CARSA","National currency, current prices, annual levels, seasonally adjusted","Q","Quarterly","1965-Q4","Q4-1965","USD","US Dollar","6","Millions",,,5750,,
"USA","United States","B11","External balance of goods and services","CARSA","National currency, current prices, annual levels, seasonally adjusted","Q","Quarterly","1966-Q1","Q1-1966","USD","US Dollar","6","Millions",,,4367,,
"USA","United States","B11","External balance of goods and services","CARSA","National currency, current prices, annual levels, seasonally adjusted","Q","Quarterly","1966-Q2","Q2-1966","USD","US Dollar","6","Millions",,,4632,,
"USA","United States","B11","External balance of goods and services","CARSA","National currency, current prices, annual levels, seasonally adjusted","Q","Quarterly","1966-Q3","Q3-1966","USD","US Dollar","6","Millions",,,2687,,
"USA","United States","B11","External balance of goods and services","CARSA","National currency, current prices, annual levels, seasonally adjusted","Q","Quarterly","1966-Q4","Q4-1966","USD","US Dollar","6","Millions",,,3765,,
"USA","United States","B11","External balance of goods and services","CARSA","National currency, current prices, annual levels, seasonally adjusted","Q","Quarterly","1967-Q1","Q1-1967","USD","US Dollar","6","Millions",,,4453,,
"USA","United States","B11","External balance of goods and services","CARSA","National currency, current prices, annual levels, seasonally adjusted","Q","Quarterly","1967-Q2","Q2-1967","USD","US Dollar","6","Millions",,,4219,,
"USA","United States","B11","External balance of goods and services","CARSA","National currency, current prices, annual levels, seasonally adjusted","Q","Quarterly","1967-Q3","Q3-1967","USD","US Dollar","6","Millions",,,3302,,
"USA","United States","B11","External balance of goods and services","CARSA","National currency, current prices, annual levels, seasonally adjusted","Q","Quarterly","1967-Q4","Q4-1967","USD","US Dollar","6","Millions",,,2244,,
"USA","United States","B11","External balance of goods and services","CARSA","National currency, current prices, annual levels, seasonally adjusted","Q","Quarterly","1968-Q1","Q1-1968","USD","US Dollar","6","Millions",,,1054,,
"USA","United States","B11","External balance of goods and services","CARSA","National currency, current prices, annual levels, seasonally adjusted","Q","Quarterly","1968-Q2","Q2-1968","USD","US Dollar","6","Millions",,,1749,,
"USA","United States","B11","External balance of goods and services","CARSA","National currency, current prices, annual levels, seasonally adjusted","Q","Quarterly","1968-Q3","Q3-1968","USD","US Dollar","6","Millions",,,1650,,
"USA","United States","B11","External balance of goods and services","CARSA","National currency, current prices, annual levels, seasonally adjusted","Q","Quarterly","1968-Q4","Q4-1968","USD","US Dollar","6","Millions",,,945,,
"USA","United States","B11","External balance of goods and services","CARSA","National currency, current prices, annual levels, seasonally adjusted","Q","Quarterly","1969-Q1","Q1-1969","USD","US Dollar","6","Millions",,,239,,
"USA","United States","B11","External balance of goods and services","CARSA","National currency, current prices, annual levels, seasonally adjusted","Q","Quarterly","1969-Q2","Q2-1969","USD","US Dollar","6","Millions",,,1104,,
"USA","United States","B11","External balance of goods and services","CARSA","National currency, current prices, annual levels, seasonally adjusted","Q","Quarterly","1969-Q3","Q3-1969","USD","US Dollar","6","Millions",,,1231,,
"USA","United States","B11","External balance of goods and services","CARSA","National currency, current prices, annual levels, seasonally adjusted","Q","Quarterly","1969-Q4","Q4-1969","USD","US Dollar","6","Millions",,,3149,,
"USA","United States","B11","External balance of goods and services","CARSA","National currency, current prices, annual levels, seasonally adjusted","Q","Quarterly","1970-Q1","Q1-1970","USD","US Dollar","6","Millions",,,3514,,
"USA","United States","B11","External balance of goods and services","CARSA","National currency, current prices, annual levels, seasonally adjusted","Q","Quarterly","1970-Q2","Q2-1970","USD","US Dollar","6","Millions",,,5207,,
"USA","United States","B11","External balance of goods and services","CARSA","National currency, current prices, annual levels, seasonally adjusted","Q","Quarterly","1970-Q3","Q3-1970","USD","US Dollar","6","Millions",,,4088,,
"USA","United States","B11","External balance of goods and services","CARSA","National currency, current prices, annual levels, seasonally adjusted","Q","Quarterly","1970-Q4","Q4-1970","USD","US Dollar","6","Millions",,,2985,,
"USA","United States","B11","External balance of goods and services","CARSA","National currency, current prices, annual levels, seasonally adjusted","Q","Quarterly","1971-Q1","Q1-1971","USD","US Dollar","6","Millions",,,4570,,
"USA","United States","B11","External balance of goods and services","CARSA","National currency, current prices, annual levels, seasonally adjusted","Q","Quarterly","1971-Q2","Q2-1971","USD","US Dollar","6","Millions",,,-401,,
"USA","United States","B11","External balance of goods and services","CARSA","National currency, current prices, annual levels, seasonally adjusted","Q","Quarterly","1971-Q3","Q3-1971","USD","US Dollar","6","Millions",,,236,,
"USA","United States","B11","External balance of goods and services","CARSA","National currency, current prices, annual levels, seasonally adjusted","Q","Quarterly","1971-Q4","Q4-1971","USD","US Dollar","6","Millions",,,-1920,,
"USA","United States","B11","External balance of goods and services","CARSA","National currency, current prices, annual levels, seasonally adjusted","Q","Quarterly","1972-Q1","Q1-1972","USD","US Dollar","6","Millions",,,-3534,,
"USA","United States","B11","External balance of goods and services","CARSA","National currency, current prices, annual levels, seasonally adjusted","Q","Quarterly","1972-Q2","Q2-1972","USD","US Dollar","6","Millions",,,-4258,,
"USA","United States","B11","External balance of goods and services","CARSA","National currency, current prices, annual levels, seasonally adjusted","Q","Quarterly","1972-Q3","Q3-1972","USD","US Dollar","6","Millions",,,-2638,,
"USA","United States","B11","External balance of goods and services","CARSA","National currency, current prices, annual levels, seasonally adjusted","Q","Quarterly","1972-Q4","Q4-1972","USD","US Dollar","6","Millions",,,-3061,,
"USA","United States","B11","External balance of goods and services","CARSA","National currency, current prices, annual levels, seasonally adjusted","Q","Quarterly","1973-Q1","Q1-1973","USD","US Dollar","6","Millions",,,-1400,,
"USA","United States","B11","External balance of goods and services","CARSA","National currency, current prices, annual levels, seasonally adjusted","Q","Quarterly","1973-Q2","Q2-1973","USD","US Dollar","6","Millions",,,2454,,
"USA","United States","B11","External balance of goods and services","CARSA","National currency, current prices, annual levels, seasonally adjusted","Q","Quarterly","1973-Q3","Q3-1973","USD","US Dollar","6","Millions",,,6437,,
"USA","United States","B11","External balance of goods and services","CARSA","National currency, current prices, annual levels, seasonally adjusted","Q","Quarterly","1973-Q4","Q4-1973","USD","US Dollar","6","Millions",,,8952,,
"USA","United States","B11","External balance of goods and services","CARSA","National currency, current prices, annual levels, seasonally adjusted","Q","Quarterly","1974-Q1","Q1-1974","USD","US Dollar","6","Millions",,,6394,,
"USA","United States","B11","External balance of goods and services","CARSA","National currency, current prices, annual levels, seasonally adjusted","Q","Quarterly","1974-Q2","Q2-1974","USD","US Dollar","6","Millions",,,-2714,,
"USA","United States","B11","External balance of goods and services","CARSA","National currency, current prices, annual levels, seasonally adjusted","Q","Quarterly","1974-Q3","Q3-1974","USD","US Dollar","6","Millions",,,-6972,,
"USA","United States","B11","External balance of goods and services","CARSA","National currency, current prices, annual levels, seasonally adjusted","Q","Quarterly","1974-Q4","Q4-1974","USD","US Dollar","6","Millions",,,33,,
"USA","United States","B11","External balance of goods and services","CARSA","National currency, current prices, annual levels, seasonally adjusted","Q","Quarterly","1975-Q1","Q1-1975","USD","US Dollar","6","Millions",,,16481,,
"USA","United States","B11","External balance of goods and services","CARSA","National currency, current prices, annual levels, seasonally adjusted","Q","Quarterly","1975-Q2","Q2-1975","USD","US Dollar","6","Millions",,,21582,,
"USA","United States","B11","External balance of goods and services","CARSA","National currency, current prices, annual levels, seasonally adjusted","Q","Quarterly","1975-Q3","Q3-1975","USD","US Dollar","6","Millions",,,12043,,
"USA","United States","B11","External balance of goods and services","CARSA","National currency, current prices, annual levels, seasonally adjusted","Q","Quarterly","1975-Q4","Q4-1975","USD","US Dollar","6","Millions",,,13801,,
"USA","United States","B11","External balance of goods and services","CARSA","National currency, current prices, annual levels, seasonally adjusted","Q","Quarterly","1976-Q1","Q1-1976","USD","US Dollar","6","Millions",,,4650,,
"USA","United States","B11","External balance of goods and services","CARSA","National currency, current prices, annual levels, seasonally adjusted","Q","Quarterly","1976-Q2","Q2-1976","USD","US Dollar","6","Millions",,,-496,,
"USA","United States","B11","External balance of goods and services","CARSA","National currency, current prices, annual levels, seasonally adjusted","Q","Quarterly","1976-Q3","Q3-1976","USD","US Dollar","6","Millions",,,-4073,,
"USA","United States","B11","External balance of goods and services","CARSA","National currency, current prices, annual levels, seasonally adjusted","Q","Quarterly","1976-Q4","Q4-1976","USD","US Dollar","6","Millions",,,-6603,,
"USA","United States","B11","External balance of goods and services","CARSA","National currency, current prices, annual levels, seasonally adjusted","Q","Quarterly","1977-Q1","Q1-1977","USD","US Dollar","6","Millions",,,-21079,,
"USA","United States","B11","External balance of goods and services","CARSA","National currency, current prices, annual levels, seasonally adjusted","Q","Quarterly","1977-Q2","Q2-1977","USD","US Dollar","6","Millions",,,-21136,,
"USA","United States","B11","External balance of goods and services","CARSA","National currency, current prices, annual levels, seasonally adjusted","Q","Quarterly","1977-Q3","Q3-1977","USD","US Dollar","6","Millions",,,-20579,,
"USA","United States","B11","External balance of goods and services","CARSA","National currency, current prices, annual levels, seasonally adjusted","Q","Quarterly","1977-Q4","Q4-1977","USD","US Dollar","6","Millions",,,-29582,,
"USA","United States","B11","External balance of goods and services","CARSA","National currency, current prices, annual levels, seasonally adjusted","Q","Quarterly","1978-Q1","Q1-1978","USD","US Dollar","6","Millions",,,-38681,,
"USA","United States","B11","External balance of goods and services","CARSA","National currency, current prices, annual levels, seasonally adjusted","Q","Quarterly","1978-Q2","Q2-1978","USD","US Dollar","6","Millions",,,-22624,,
"USA","United States","B11","External balance of goods and services","CARSA","National currency, current prices, annual levels, seasonally adjusted","Q","Quarterly","1978-Q3","Q3-1978","USD","US Dollar","6","Millions",,,-23760,,
"USA","United States","B11","External balance of goods and services","CARSA","National currency, current prices, annual levels, seasonally adjusted","Q","Quarterly","1978-Q4","Q4-1978","USD","US Dollar","6","Millions",,,-16400,,
"USA","United States","B11","External balance of goods and services","CARSA","National currency, current prices, annual levels, seasonally adjusted","Q","Quarterly","1979-Q1","Q1-1979","USD","US Dollar","6","Millions",,,-18159,,
"USA","United States","B11","External balance of goods and services","CARSA","National currency, current prices, annual levels, seasonally adjusted","Q","Quarterly","1979-Q2","Q2-1979","USD","US Dollar","6","Millions",,,-22189,,
"USA","United States","B11","External balance of goods and services","CARSA","National currency, current prices, annual levels, seasonally adjusted","Q","Quarterly","1979-Q3","Q3-1979","USD","US Dollar","6","Millions",,,-23029,,
"USA","United States","B11","External balance of goods and services","CARSA","National currency, current prices, annual levels, seasonally adjusted","Q","Quarterly","1979-Q4","Q4-1979","USD","US Dollar","6","Millions",,,-26802,,
"USA","United States","B11","External balance of goods and services","CARSA","National currency, current prices, annual levels, seasonally adjusted","Q","Quarterly","1980-Q1","Q1-1980","USD","US Dollar","6","Millions",,,-35803,,
"USA","United States","B11","External balance of goods and services","CARSA","National currency, current prices, annual levels, seasonally adjusted","Q","Quarterly","1980-Q2","Q2-1980","USD","US Dollar","6","Millions",,,-15211,,
"USA","United States","B11","External balance of goods and services","CARSA","National currency, current prices, annual levels, seasonally adjusted","Q","Quarterly","1980-Q3","Q3-1980","USD","US Dollar","6","Millions",,,5471,,
"USA","United States","B11","External balance of goods and services","CARSA","National currency, current prices, annual levels, seasonally adjusted","Q","Quarterly","1980-Q4","Q4-1980","USD","US Dollar","6","Millions",,,-6682,,
"USA","United States","B11","External balance of goods and services","CARSA","National currency, current prices, annual levels, seasonally adjusted","Q","Quarterly","1981-Q1","Q1-1981","USD","US Dollar","6","Millions",,,-14259,,
"USA","United States","B11","External balance of goods and services","CARSA","National currency, current prices, annual levels, seasonally adjusted","Q","Quarterly","1981-Q2","Q2-1981","USD","US Dollar","6","Millions",,,-13508,,
"USA","United States","B11","External balance of goods and services","CARSA","National currency, current prices, annual levels, seasonally adjusted","Q","Quarterly","1981-Q3","Q3-1981","USD","US Dollar","6","Millions",,,-7561,,
"USA","United States","B11","External balance of goods and services","CARSA","National currency, current prices, annual levels, seasonally adjusted","Q","Quarterly","1981-Q4","Q4-1981","USD","US Dollar","6","Millions",,,-14750,,
"USA","United States","B11","External balance of goods and services","CARSA","National currency, current prices, annual levels, seasonally adjusted","Q","Quarterly","1982-Q1","Q1-1982","USD","US Dollar","6","Millions",,,-16276,,
"USA","United States","B11","External balance of goods and services","CARSA","National currency, current prices, annual levels, seasonally adjusted","Q","Quarterly","1982-Q2","Q2-1982","USD","US Dollar","6","Millions",,,-4386,,
"USA","United States","B11","External balance of goods and services","CARSA","National currency, current prices, annual levels, seasonally adjusted","Q","Quarterly","1982-Q3","Q3-1982","USD","US Dollar","6","Millions",,,-29647,,
"USA","United States","B11","External balance of goods and services","CARSA","National currency, current prices, annual levels, seasonally adjusted","Q","Quarterly","1982-Q4","Q4-1982","USD","US Dollar","6","Millions",,,-29587,,
"USA","United States","B11","External balance of goods and services","CARSA","National currency, current prices, annual levels, seasonally adjusted","Q","Quarterly","1983-Q1","Q1-1983","USD","US Dollar","6","Millions",,,-24548,,
"USA","United States","B11","External balance of goods and services","CARSA","National currency, current prices, annual levels, seasonally adjusted","Q","Quarterly","1983-Q2","Q2-1983","USD","US Dollar","6","Millions",,,-45434,,
"USA","United States","B11","External balance of goods and services","CARSA","National currency, current prices, annual levels, seasonally adjusted","Q","Quarterly","1983-Q3","Q3-1983","USD","US Dollar","6","Millions",,,-65200,,
"USA","United States","B11","External balance of goods and services","CARSA","National currency, current prices, annual levels, seasonally adjusted","Q","Quarterly","1983-Q4","Q4-1983","USD","US Dollar","6","Millions",,,-71385,,
"USA","United States","B11","External balance of goods and services","CARSA","National currency, current prices, annual levels, seasonally adjusted","Q","Quarterly","1984-Q1","Q1-1984","USD","US Dollar","6","Millions",,,-95004,,
"USA","United States","B11","External balance of goods and services","CARSA","National currency, current prices, annual levels, seasonally adjusted","Q","Quarterly","1984-Q2","Q2-1984","USD","US Dollar","6","Millions",,,-104301,,
"USA","United States","B11","External balance of goods and services","CARSA","National currency, current prices, annual levels, seasonally adjusted","Q","Quarterly","1984-Q3","Q3-1984","USD","US Dollar","6","Millions",,,-103847,,
"USA","United States","B11","External balance of goods and services","CARSA","National currency, current prices, annual levels, seasonally adjusted","Q","Quarterly","1984-Q4","Q4-1984","USD","US Dollar","6","Millions",,,-107756,,
"USA","United States","B11","External balance of goods and services","CARSA","National currency, current prices, annual levels, seasonally adjusted","Q","Quarterly","1985-Q1","Q1-1985","USD","US Dollar","6","Millions",,,-91298,,
"USA","United States","B11","External balance of goods and services","CARSA","National currency, current prices, annual levels, seasonally adjusted","Q","Quarterly","1985-Q2","Q2-1985","USD","US Dollar","6","Millions",,,-114445,,
"USA","United States","B11","External balance of goods and services","CARSA","National currency, current prices, annual levels, seasonally adjusted","Q","Quarterly","1985-Q3","Q3-1985","USD","US Dollar","6","Millions",,,-116895,,
"USA","United States","B11","External balance of goods and services","CARSA","National currency, current prices, annual levels, seasonally adjusted","Q","Quarterly","1985-Q4","Q4-1985","USD","US Dollar","6","Millions",,,-133434,,
"USA","United States","B11","External balance of goods and services","CARSA","National currency, current prices, annual levels, seasonally adjusted","Q","Quarterly","1986-Q1","Q1-1986","USD","US Dollar","6","Millions",,,-126014,,
"USA","United States","B11","External balance of goods and services","CARSA","National currency, current prices, annual levels, seasonally adjusted","Q","Quarterly","1986-Q2","Q2-1986","USD","US Dollar","6","Millions",,,-128872,,
"USA","United States","B11","External balance of goods and services","CARSA","National currency, current prices, annual levels, seasonally adjusted","Q","Quarterly","1986-Q3","Q3-1986","USD","US Dollar","6","Millions",,,-138961,,
"USA","United States","B11","External balance of goods and services","CARSA","National currency, current prices, annual levels, seasonally adjusted","Q","Quarterly","1986-Q4","Q4-1986","USD","US Dollar","6","Millions",,,-133629,,
"USA","United States","B11","External balance of goods and services","CARSA","National currency, current prices, annual levels, seasonally adjusted","Q","Quarterly","1987-Q1","Q1-1987","USD","US Dollar","6","Millions",,,-141234,,
"USA","United States","B11","External balance of goods and services","CARSA","National currency, current prices, annual levels, seasonally adjusted","Q","Quarterly","1987-Q2","Q2-1987","USD","US Dollar","6","Millions",,,-146977,,
"USA","United States","B11","External balance of goods and services","CARSA","National currency, current prices, annual levels, seasonally adjusted","Q","Quarterly","1987-Q3","Q3-1987","USD","US Dollar","6","Millions",,,-145464,,
"USA","United States","B11","External balance of goods and services","CARSA","National currency, current prices, annual levels, seasonally adjusted","Q","Quarterly","1987-Q4","Q4-1987","USD","US Dollar","6","Millions",,,-145405,,
"USA","United States","B11","External balance of goods and services","CARSA","National currency, current prices, annual levels, seasonally adjusted","Q","Quarterly","1988-Q1","Q1-1988","USD","US Dollar","6","Millions",,,-123987,,
"USA","United States","B11","External balance of goods and services","CARSA","National currency, current prices, annual levels, seasonally adjusted","Q","Quarterly","1988-Q2","Q2-1988","USD","US Dollar","6","Millions",,,-106627,,
"USA","United States","B11","External balance of goods and services","CARSA","National currency, current prices, annual levels, seasonally adjusted","Q","Quarterly","1988-Q3","Q3-1988","USD","US Dollar","6","Millions",,,-99263,,
"USA","United States","B11","External balance of goods and services","CARSA","National currency, current prices, annual levels, seasonally adjusted","Q","Quarterly","1988-Q4","Q4-1988","USD","US Dollar","6","Millions",,,-107694,,
"USA","United States","B11","External balance of goods and services","CARSA","National currency, current prices, annual levels, seasonally adjusted","Q","Quarterly","1989-Q1","Q1-1989","USD","US Dollar","6","Millions",,,-100965,,
"USA","United States","B11","External balance of goods and services","CARSA","National currency, current prices, annual levels, seasonally adjusted","Q","Quarterly","1989-Q2","Q2-1989","USD","US Dollar","6","Millions",,,-88160,,
"USA","United States","B11","External balance of goods and services","CARSA","National currency, current prices, annual levels, seasonally adjusted","Q","Quarterly","1989-Q3","Q3-1989","USD","US Dollar","6","Millions",,,-75075,,
"USA","United States","B11","External balance of goods and services","CARSA","National currency, current prices, annual levels, seasonally adjusted","Q","Quarterly","1989-Q4","Q4-1989","USD","US Dollar","6","Millions",,,-82765,,
"USA","United States","B11","External balance of goods and services","CARSA","National currency, current prices, annual levels, seasonally adjusted","Q","Quarterly","1990-Q1","Q1-1990","USD","US Dollar","6","Millions",,,-88536,,
"USA","United States","B11","External balance of goods and services","CARSA","National currency, current prices, annual levels, seasonally adjusted","Q","Quarterly","1990-Q2","Q2-1990","USD","US Dollar","6","Millions",,,-68833,,
"USA","United States","B11","External balance of goods and services","CARSA","National currency, current prices, annual levels, seasonally adjusted","Q","Quarterly","1990-Q3","Q3-1990","USD","US Dollar","6","Millions",,,-74953,,
"USA","United States","B11","External balance of goods and services","CARSA","National currency, current prices, annual levels, seasonally adjusted","Q","Quarterly","1990-Q4","Q4-1990","USD","US Dollar","6","Millions",,,-79096,,
"USA","United States","B11","External balance of goods and services","CARSA","National currency, current prices, annual levels, seasonally adjusted","Q","Quarterly","1991-Q1","Q1-1991","USD","US Dollar","6","Millions",,,-47140,,
"USA","United States","B11","External balance of goods and services","CARSA","National currency, current prices, annual levels, seasonally adjusted","Q","Quarterly","1991-Q2","Q2-1991","USD","US Dollar","6","Millions",,,-23188,,
"USA","United States","B11","External balance of goods and services","CARSA","National currency, current prices, annual levels, seasonally adjusted","Q","Quarterly","1991-Q3","Q3-1991","USD","US Dollar","6","Millions",,,-21074,,
"USA","United States","B11","External balance of goods and services","CARSA","National currency, current prices, annual levels, seasonally adjusted","Q","Quarterly","1991-Q4","Q4-1991","USD","US Dollar","6","Millions",,,-23053,,
"USA","United States","B11","External balance of goods and services","CARSA","National currency, current prices, annual levels, seasonally adjusted","Q","Quarterly","1992-Q1","Q1-1992","USD","US Dollar","6","Millions",,,-20536,,
"USA","United States","B11","External balance of goods and services","CARSA","National currency, current prices, annual levels, seasonally adjusted","Q","Quarterly","1992-Q2","Q2-1992","USD","US Dollar","6","Millions",,,-32788,,
"USA","United States","B11","External balance of goods and services","CARSA","National currency, current prices, annual levels, seasonally adjusted","Q","Quarterly","1992-Q3","Q3-1992","USD","US Dollar","6","Millions",,,-38488,,
"USA","United States","B11","External balance of goods and services","CARSA","National currency, current prices, annual levels, seasonally adjusted","Q","Quarterly","1992-Q4","Q4-1992","USD","US Dollar","6","Millions",,,-47140,,
"USA","United States","B11","External balance of goods and services","CARSA","National currency, current prices, annual levels, seasonally adjusted","Q","Quarterly","1993-Q1","Q1-1993","USD","US Dollar","6","Millions",,,-55704,,
"USA","United States","B11","External balance of goods and services","CARSA","National currency, current prices, annual levels, seasonally adjusted","Q","Quarterly","1993-Q2","Q2-1993","USD","US Dollar","6","Millions",,,-63187,,
"USA","United States","B11","External balance of goods and services","CARSA","National currency, current prices, annual levels, seasonally adjusted","Q","Quarterly","1993-Q3","Q3-1993","USD","US Dollar","6","Millions",,,-68354,,
"USA","United States","B11","External balance of goods and services","CARSA","National currency, current prices, annual levels, seasonally adjusted","Q","Quarterly","1993-Q4","Q4-1993","USD","US Dollar","6","Millions",,,-73449,,
"USA","United States","B11","External balance of goods and services","CARSA","National currency, current prices, annual levels, seasonally adjusted","Q","Quarterly","1994-Q1","Q1-1994","USD","US Dollar","6","Millions",,,-80595,,
"USA","United States","B11","External balance of goods and services","CARSA","National currency, current prices, annual levels, seasonally adjusted","Q","Quarterly","1994-Q2","Q2-1994","USD","US Dollar","6","Millions",,,-90572,,
"USA","United States","B11","External balance of goods and services","CARSA","National currency, current prices, annual levels, seasonally adjusted","Q","Quarterly","1994-Q3","Q3-1994","USD","US Dollar","6","Millions",,,-96868,,
"USA","United States","B11","External balance of goods and services","CARSA","National currency, current prices, annual levels, seasonally adjusted","Q","Quarterly","1994-Q4","Q4-1994","USD","US Dollar","6","Millions",,,-101913,,
"USA","United States","B11","External balance of goods and services","CARSA","National currency, current prices, annual levels, seasonally adjusted","Q","Quarterly","1995-Q1","Q1-1995","USD","US Dollar","6","Millions",,,-105329,,
"USA","United States","B11","External balance of goods and services","CARSA","National currency, current prices, annual levels, seasonally adjusted","Q","Quarterly","1995-Q2","Q2-1995","USD","US Dollar","6","Millions",,,-109492,,
"USA","United States","B11","External balance of goods and services","CARSA","National currency, current prices, annual levels, seasonally adjusted","Q","Quarterly","1995-Q3","Q3-1995","USD","US Dollar","6","Millions",,,-74444,,
"USA","United States","B11","External balance of goods and services","CARSA","National currency, current prices, annual levels, seasonally adjusted","Q","Quarterly","1995-Q4","Q4-1995","USD","US Dollar","6","Millions",,,-69780,,
"USA","United States","B11","External balance of goods and services","CARSA","National currency, current prices, annual levels, seasonally adjusted","Q","Quarterly","1996-Q1","Q1-1996","USD","US Dollar","6","Millions",,,-88795,,
"USA","United States","B11","External balance of goods and services","CARSA","National currency, current prices, annual levels, seasonally adjusted","Q","Quarterly","1996-Q2","Q2-1996","USD","US Dollar","6","Millions",,,-93709,,
"USA","United States","B11","External balance of goods and services","CARSA","National currency, current prices, annual levels, seasonally adjusted","Q","Quarterly","1996-Q3","Q3-1996","USD","US Dollar","6","Millions",,,-114180,,
"USA","United States","B11","External balance of goods and services","CARSA","National currency, current prices, annual levels, seasonally adjusted","Q","Quarterly","1996-Q4","Q4-1996","USD","US Dollar","6","Millions",,,-88822,,
"USA","United States","B11","External balance of goods and services","CARSA","National currency, current prices, annual levels, seasonally adjusted","Q","Quarterly","1997-Q1","Q1-1997","USD","US Dollar","6","Millions",,,-108839,,
"USA","United States","B11","External balance of goods and services","CARSA","National currency, current prices, annual levels, seasonally adjusted","Q","Quarterly","1997-Q2","Q2-1997","USD","US Dollar","6","Millions",,,-85201,,
"USA","United States","B11","External balance of goods and services","CARSA","National currency, current prices, annual levels, seasonally adjusted","Q","Quarterly","1997-Q3","Q3-1997","USD","US Dollar","6","Millions",,,-96831,,
"USA","United States","B11","External balance of goods and services","CARSA","National currency, current prices, annual levels, seasonally adjusted","Q","Quarterly","1997-Q4","Q4-1997","USD","US Dollar","6","Millions",,,-117014,,
"USA","United States","B11","External balance of goods and services","CARSA","National currency, current prices, annual levels, seasonally adjusted","Q","Quarterly","1998-Q1","Q1-1998","USD","US Dollar","6","Millions",,,-135215,,
"USA","United States","B11","External balance of goods and services","CARSA","National currency, current prices, annual levels, seasonally adjusted","Q","Quarterly","1998-Q2","Q2-1998","USD","US Dollar","6","Millions",,,-162331,,
"USA","United States","B11","External balance of goods and services","CARSA","National currency, current prices, annual levels, seasonally adjusted","Q","Quarterly","1998-Q3","Q3-1998","USD","US Dollar","6","Millions",,,-174634,,
"USA","United States","B11","External balance of goods and services","CARSA","National currency, current prices, annual levels, seasonally adjusted","Q","Quarterly","1998-Q4","Q4-1998","USD","US Dollar","6","Millions",,,-178663,,
"USA","United States","B11","External balance of goods and services","CARSA","National currency, current prices, annual levels, seasonally adjusted","Q","Quarterly","1999-Q1","Q1-1999","USD","US Dollar","6","Millions",,,-207731,,
"USA","United States","B11","External balance of goods and services","CARSA","National currency, current prices, annual levels, seasonally adjusted","Q","Quarterly","1999-Q2","Q2-1999","USD","US Dollar","6","Millions",,,-244668,,
"USA","United States","B11","External balance of goods and services","CARSA","National currency, current prices, annual levels, seasonally adjusted","Q","Quarterly","1999-Q3","Q3-1999","USD","US Dollar","6","Millions",,,-275300,,
"USA","United States","B11","External balance of goods and services","CARSA","National currency, current prices, annual levels, seasonally adjusted","Q","Quarterly","1999-Q4","Q4-1999","USD","US Dollar","6","Millions",,,-295638,,
"USA","United States","B11","External balance of goods and services","CARSA","National currency, current prices, annual levels, seasonally adjusted","Q","Quarterly","2000-Q1","Q1-2000","USD","US Dollar","6","Millions",,,-352106,,
"USA","United States","B11","External balance of goods and services","CARSA","National currency, current prices, annual levels, seasonally adjusted","Q","Quarterly","2000-Q2","Q2-2000","USD","US Dollar","6","Millions",,,-358736,,
"USA","United States","B11","External balance of goods and services","CARSA","National currency, current prices, annual levels, seasonally adjusted","Q","Quarterly","2000-Q3","Q3-2000","USD","US Dollar","6","Millions",,,-387846,,
"USA","United States","B11","External balance of goods and services","CARSA","National currency, current prices, annual levels, seasonally adjusted","Q","Quarterly","2000-Q4","Q4-2000","USD","US Dollar","6","Millions",,,-401511,,
"USA","United States","B11","External balance of goods and services","CARSA","National currency, current prices, annual levels, seasonally adjusted","Q","Quarterly","2001-Q1","Q1-2001","USD","US Dollar","6","Millions",,,-390755,,
"USA","United States","B11","External balance of goods and services","CARSA","National currency, current prices, annual levels, seasonally adjusted","Q","Quarterly","2001-Q2","Q2-2001","USD","US Dollar","6","Millions",,,-358543,,
"USA","United States","B11","External balance of goods and services","CARSA","National currency, current prices, annual levels, seasonally adjusted","Q","Quarterly","2001-Q3","Q3-2001","USD","US Dollar","6","Millions",,,-365976,,
"USA","United States","B11","External balance of goods and services","CARSA","National currency, current prices, annual levels, seasonally adjusted","Q","Quarterly","2001-Q4","Q4-2001","USD","US Dollar","6","Millions",,,-356441,,
"USA","United States","B11","External balance of goods and services","CARSA","National currency, current prices, annual levels, seasonally adjusted","Q","Quarterly","2002-Q1","Q1-2002","USD","US Dollar","6","Millions",,,-372592,,
"USA","United States","B11","External balance of goods and services","CARSA","National currency, current prices, annual levels, seasonally adjusted","Q","Quarterly","2002-Q2","Q2-2002","USD","US Dollar","6","Millions",,,-415681,,
"USA","United States","B11","External balance of goods and services","CARSA","National currency, current prices, annual levels, seasonally adjusted","Q","Quarterly","2002-Q3","Q3-2002","USD","US Dollar","6","Millions",,,-432521,,
"USA","United States","B11","External balance of goods and services","CARSA","National currency, current prices, annual levels, seasonally adjusted","Q","Quarterly","2002-Q4","Q4-2002","USD","US Dollar","6","Millions",,,-480814,,
"USA","United States","B11","External balance of goods and services","CARSA","National currency, current prices, annual levels, seasonally adjusted","Q","Quarterly","2003-Q1","Q1-2003","USD","US Dollar","6","Millions",,,-504852,,
"USA","United States","B11","External balance of goods and services","CARSA","National currency, current prices, annual levels, seasonally adjusted","Q","Quarterly","2003-Q2","Q2-2003","USD","US Dollar","6","Millions",,,-501536,,
"USA","United States","B11","External balance of goods and services","CARSA","National currency, current prices, annual levels, seasonally adjusted","Q","Quarterly","2003-Q3","Q3-2003","USD","US Dollar","6","Millions",,,-500763,,
"USA","United States","B11","External balance of goods and services","CARSA","National currency, current prices, annual levels, seasonally adjusted","Q","Quarterly","2003-Q4","Q4-2003","USD","US Dollar","6","Millions",,,-505355,,
"USA","United States","B11","External balance of goods and services","CARSA","National currency, current prices, annual levels, seasonally adjusted","Q","Quarterly","2004-Q1","Q1-2004","USD","US Dollar","6","Millions",,,-548966,,
"USA","United States","B11","External balance of goods and services","CARSA","National currency, current prices, annual levels, seasonally adjusted","Q","Quarterly","2004-Q2","Q2-2004","USD","US Dollar","6","Millions",,,-608024,,
"USA","United States","B11","External balance of goods and services","CARSA","National currency, current prices, annual levels, seasonally adjusted","Q","Quarterly","2004-Q3","Q3-2004","USD","US Dollar","6","Millions",,,-636429,,
"USA","United States","B11","External balance of goods and services","CARSA","National currency, current prices, annual levels, seasonally adjusted","Q","Quarterly","2004-Q4","Q4-2004","USD","US Dollar","6","Millions",,,-682881,,
"USA","United States","B11","External balance of goods and services","CARSA","National currency, current prices, annual levels, seasonally adjusted","Q","Quarterly","2005-Q1","Q1-2005","USD","US Dollar","6","Millions",,,-674590,,
"USA","United States","B11","External balance of goods and services","CARSA","National currency, current prices, annual levels, seasonally adjusted","Q","Quarterly","2005-Q2","Q2-2005","USD","US Dollar","6","Millions",,,-690790,,
"USA","United States","B11","External balance of goods and services","CARSA","National currency, current prices, annual levels, seasonally adjusted","Q","Quarterly","2005-Q3","Q3-2005","USD","US Dollar","6","Millions",,,-732505,,
"USA","United States","B11","External balance of goods and services","CARSA","National currency, current prices, annual levels, seasonally adjusted","Q","Quarterly","2005-Q4","Q4-2005","USD","US Dollar","6","Millions",,,-786886,,
"USA","United States","B11","External balance of goods and services","CARSA","National currency, current prices, annual levels, seasonally adjusted","Q","Quarterly","2006-Q1","Q1-2006","USD","US Dollar","6","Millions",,,-777158,,
"USA","United States","B11","External balance of goods and services","CARSA","National currency, current prices, annual levels, seasonally adjusted","Q","Quarterly","2006-Q2","Q2-2006","USD","US Dollar","6","Millions",,,-780585,,
"USA","United States","B11","External balance of goods and services","CARSA","National currency, current prices, annual levels, seasonally adjusted","Q","Quarterly","2006-Q3","Q3-2006","USD","US Dollar","6","Millions",,,-805630,,
"USA","United States","B11","External balance of goods and services","CARSA","National currency, current prices, annual levels, seasonally adjusted","Q","Quarterly","2006-Q4","Q4-2006","USD","US Dollar","6","Millions",,,-720325,,
"USA","United States","B11","External balance of goods and services","CARSA","National currency, current prices, annual levels, seasonally adjusted","Q","Quarterly","2007-Q1","Q1-2007","USD","US Dollar","6","Millions",,,-724314,,
"USA","United States","B11","External balance of goods and services","CARSA","National currency, current prices, annual levels, seasonally adjusted","Q","Quarterly","2007-Q2","Q2-2007","USD","US Dollar","6","Millions",,,-731908,,
"USA","United States","B11","External balance of goods and services","CARSA","National currency, current prices, annual levels, seasonally adjusted","Q","Quarterly","2007-Q3","Q3-2007","USD","US Dollar","6","Millions",,,-713796,,
"USA","United States","B11","External balance of goods and services","CARSA","National currency, current prices, annual levels, seasonally adjusted","Q","Quarterly","2007-Q4","Q4-2007","USD","US Dollar","6","Millions",,,-703687,,
"USA","United States","B11","External balance of goods and services","CARSA","National currency, current prices, annual levels, seasonally adjusted","Q","Quarterly","2008-Q1","Q1-2008","USD","US Dollar","6","Millions",,,-756179,,
"USA","United States","B11","External balance of goods and services","CARSA","National currency, current prices, annual levels, seasonally adjusted","Q","Quarterly","2008-Q2","Q2-2008","USD","US Dollar","6","Millions",,,-758947,,
"USA","United States","B11","External balance of goods and services","CARSA","National currency, current prices, annual levels, seasonally adjusted","Q","Quarterly","2008-Q3","Q3-2008","USD","US Dollar","6","Millions",,,-771564,,
"USA","United States","B11","External balance of goods and services","CARSA","National currency, current prices, annual levels, seasonally adjusted","Q","Quarterly","2008-Q4","Q4-2008","USD","US Dollar","6","Millions",,,-605663,,
"USA","United States","B11","External balance of goods and services","CARSA","National currency, current prices, annual levels, seasonally adjusted","Q","Quarterly","2009-Q1","Q1-2009","USD","US Dollar","6","Millions",,,-396112,,
"USA","United States","B11","External balance of goods and services","CARSA","National currency, current prices, annual levels, seasonally adjusted","Q","Quarterly","2009-Q2","Q2-2009","USD","US Dollar","6","Millions",,,-338611,,
"USA","United States","B11","External balance of goods and services","CARSA","National currency, current prices, annual levels, seasonally adjusted","Q","Quarterly","2009-Q3","Q3-2009","USD","US Dollar","6","Millions",,,-405497,,
"USA","United States","B11","External balance of goods and services","CARSA","National currency, current prices, annual levels, seasonally adjusted","Q","Quarterly","2009-Q4","Q4-2009","USD","US Dollar","6","Millions",,,-445584,,
"USA","United States","B11","External balance of goods and services","CARSA","National currency, current prices, annual levels, seasonally adjusted","Q","Quarterly","2010-Q1","Q1-2010","USD","US Dollar","6","Millions",,,-489179,,
"USA","United States","B11","External balance of goods and services","CARSA","National currency, current prices, annual levels, seasonally adjusted","Q","Quarterly","2010-Q2","Q2-2010","USD","US Dollar","6","Millions",,,-519127,,
"USA","United States","B11","External balance of goods and services","CARSA","National currency, current prices, annual levels, seasonally adjusted","Q","Quarterly","2010-Q3","Q3-2010","USD","US Dollar","6","Millions",,,-535095,,
"USA","United States","B11","External balance of goods and services","CARSA","National currency, current prices, annual levels, seasonally adjusted","Q","Quarterly","2010-Q4","Q4-2010","USD","US Dollar","6","Millions",,,-512210,,
"USA","United States","B11","External balance of goods and services","CARSA","National currency, current prices, annual levels, seasonally adjusted","Q","Quarterly","2011-Q1","Q1-2011","USD","US Dollar","6","Millions",,,-561474,,
"USA","United States","B11","External balance of goods and services","CARSA","National currency, current prices, annual levels, seasonally adjusted","Q","Quarterly","2011-Q2","Q2-2011","USD","US Dollar","6","Millions",,,-581865,,
"USA","United States","B11","External balance of goods and services","CARSA","National currency, current prices, annual levels, seasonally adjusted","Q","Quarterly","2011-Q3","Q3-2011","USD","US Dollar","6","Millions",,,-573850,,
"USA","United States","B11","External balance of goods and services","CARSA","National currency, current prices, annual levels, seasonally adjusted","Q","Quarterly","2011-Q4","Q4-2011","USD","US Dollar","6","Millions",,,-600657,,
"USA","United States","B11","External balance of goods and services","CARSA","National currency, current prices, annual levels, seasonally adjusted","Q","Quarterly","2012-Q1","Q1-2012","USD","US Dollar","6","Millions",,,-615102,,
"USA","United States","B11","External balance of goods and services","CARSA","National currency, current prices, annual levels, seasonally adjusted","Q","Quarterly","2012-Q2","Q2-2012","USD","US Dollar","6","Millions",,,-580505,,
"USA","United States","B11","External balance of goods and services","CARSA","National currency, current prices, annual levels, seasonally adjusted","Q","Quarterly","2012-Q3","Q3-2012","USD","US Dollar","6","Millions",,,-540838,,
"USA","United States","B11","External balance of goods and services","CARSA","National currency, current prices, annual levels, seasonally adjusted","Q","Quarterly","2012-Q4","Q4-2012","USD","US Dollar","6","Millions",,,-537839,,
"USA","United States","B11","External balance of goods and services","CARSA","National currency, current prices, annual levels, seasonally adjusted","Q","Quarterly","2013-Q1","Q1-2013","USD","US Dollar","6","Millions",,,-516863,,
"USA","United States","B11","External balance of goods and services","CARSA","National currency, current prices, annual levels, seasonally adjusted","Q","Quarterly","2013-Q2","Q2-2013","USD","US Dollar","6","Millions",,,-508931,,
"USA","United States","B11","External balance of goods and services","CARSA","National currency, current prices, annual levels, seasonally adjusted","Q","Quarterly","2013-Q3","Q3-2013","USD","US Dollar","6","Millions",,,-496282,,
"USA","United States","B11","External balance of goods and services","CARSA","National currency, current prices, annual levels, seasonally adjusted","Q","Quarterly","2013-Q4","Q4-2013","USD","US Dollar","6","Millions",,,-441051,,
"USA","United States","B11","External balance of goods and services","CARSA","National currency, current prices, annual levels, seasonally adjusted","Q","Quarterly","2014-Q1","Q1-2014","USD","US Dollar","6","Millions",,,-506318,,
"USA","United States","B11","External balance of goods and services","CARSA","National currency, current prices, annual levels, seasonally adjusted","Q","Quarterly","2014-Q2","Q2-2014","USD","US Dollar","6","Millions",,,-507643,,
"USA","United States","B11","External balance of goods and services","CARSA","National currency, current prices, annual levels, seasonally adjusted","Q","Quarterly","2014-Q3","Q3-2014","USD","US Dollar","6","Millions",,,-492266,,
"USA","United States","B11","External balance of goods and services","CARSA","National currency, current prices, annual levels, seasonally adjusted","Q","Quarterly","2014-Q4","Q4-2014","USD","US Dollar","6","Millions",,,-524406,,
"USA","United States","B11","External balance of goods and services","CARSA","National currency, current prices, annual levels, seasonally adjusted","Q","Quarterly","2015-Q1","Q1-2015","USD","US Dollar","6","Millions",,,-528778,,
"USA","United States","B11","External balance of goods and services","CARSA","National currency, current prices, annual levels, seasonally adjusted","Q","Quarterly","2015-Q2","Q2-2015","USD","US Dollar","6","Millions",,,-508342,,
"USA","United States","B11","External balance of goods and services","CARSA","National currency, current prices, annual levels, seasonally adjusted","Q","Quarterly","2015-Q3","Q3-2015","USD","US Dollar","6","Millions",,,-542670,,
"USA","United States","B11","External balance of goods and services","CARSA","National currency, current prices, annual levels, seasonally adjusted","Q","Quarterly","2015-Q4","Q4-2015","USD","US Dollar","6","Millions",,,-526494,,
"USA","United States","B11","External balance of goods and services","CARSA","National currency, current prices, annual levels, seasonally adjusted","Q","Quarterly","2016-Q1","Q1-2016","USD","US Dollar","6","Millions",,,-513898,,
"USA","United States","B11","External balance of goods and services","CARSA","National currency, current prices, annual levels, seasonally adjusted","Q","Quarterly","2016-Q2","Q2-2016","USD","US Dollar","6","Millions",,,-492334,,
"USA","United States","B11","External balance of goods and services","CARSA","National currency, current prices, annual levels, seasonally adjusted","Q","Quarterly","2016-Q3","Q3-2016","USD","US Dollar","6","Millions",,,-497713,,
"USA","United States","B11","External balance of goods and services","CARSA","National currency, current prices, annual levels, seasonally adjusted","Q","Quarterly","2016-Q4","Q4-2016","USD","US Dollar","6","Millions",,,-546102,,
"USA","United States","B11","External balance of goods and services","CARSA","National currency, current prices, annual levels, seasonally adjusted","Q","Quarterly","2017-Q1","Q1-2017","USD","US Dollar","6","Millions",,,-543562,,
"USA","United States","B11","External balance of goods and services","CARSA","National currency, current prices, annual levels, seasonally adjusted","Q","Quarterly","2017-Q2","Q2-2017","USD","US Dollar","6","Millions",,,-559521,,
"USA","United States","B11","External balance of goods and services","CARSA","National currency, current prices, annual levels, seasonally adjusted","Q","Quarterly","2017-Q3","Q3-2017","USD","US Dollar","6","Millions",,,-543581,,
"USA","United States","B11","External balance of goods and services","CARSA","National currency, current prices, annual levels, seasonally adjusted","Q","Quarterly","2017-Q4","Q4-2017","USD","US Dollar","6","Millions",,,-575470,,
"USA","United States","B11","External balance of goods and services","CARSA","National currency, current prices, annual levels, seasonally adjusted","Q","Quarterly","2018-Q1","Q1-2018","USD","US Dollar","6","Millions",,,-589808,,
"USA","United States","B11","External balance of goods and services","CARSA","National currency, current prices, annual levels, seasonally adjusted","Q","Quarterly","2018-Q2","Q2-2018","USD","US Dollar","6","Millions",,,-548149,,
"USA","United States","B11","External balance of goods and services","CARSA","National currency, current prices, annual levels, seasonally adjusted","Q","Quarterly","2018-Q3","Q3-2018","USD","US Dollar","6","Millions",,,-646433,,
"USA","United States","B11","External balance of goods and services","CARSA","National currency, current prices, annual levels, seasonally adjusted","Q","Quarterly","2018-Q4","Q4-2018","USD","US Dollar","6","Millions",,,-653448,,
"USA","United States","B11","External balance of goods and services","CARSA","National currency, current prices, annual levels, seasonally adjusted","Q","Quarterly","2019-Q1","Q1-2019","USD","US Dollar","6","Millions",,,-615543,,
"USA","United States","B11","External balance of goods and services","CARSA","National currency, current prices, annual levels, seasonally adjusted","Q","Quarterly","2019-Q2","Q2-2019","USD","US Dollar","6","Millions",,,-644744,,
"USA","United States","B11","External balance of goods and services","CARSA","National currency, current prices, annual levels, seasonally adjusted","Q","Quarterly","2019-Q3","Q3-2019","USD","US Dollar","6","Millions",,,-631838,,
"USA","United States","B11","External balance of goods and services","CARSA","National currency, current prices, annual levels, seasonally adjusted","Q","Quarterly","2019-Q4","Q4-2019","USD","US Dollar","6","Millions",,,-549757,,
"USA","United States","B11","External balance of goods and services","CARSA","National currency, current prices, annual levels, seasonally adjusted","Q","Quarterly","2020-Q1","Q1-2020","USD","US Dollar","6","Millions",,,-494307,,
"USA","United States","B11","External balance of goods and services","CARSA","National currency, current prices, annual levels, seasonally adjusted","Q","Quarterly","2020-Q2","Q2-2020","USD","US Dollar","6","Millions",,,-544706,,
